"","name","place","is_in","population","osm_id","Month","price","crop"
"1","Geita","city",NA,318006,258307668,1,1093.54249542207,"maize"
"2","Geita","city",NA,318006,258307668,2,1071.76920010999,"maize"
"3","Geita","city",NA,318006,258307668,3,1067.47997751127,"maize"
"4","Geita","city",NA,318006,258307668,4,988.220484271335,"maize"
"5","Geita","city",NA,318006,258307668,5,1004.27522764075,"maize"
"6","Geita","city",NA,318006,258307668,6,1014.13582306851,"maize"
"7","Geita","city",NA,318006,258307668,7,1005.85921020081,"maize"
"8","Geita","city",NA,318006,258307668,8,994.371517033157,"maize"
"9","Mafinga","town","Iringa, Tanzania",99305,258505599,1,978.034313533582,"maize"
"10","Mafinga","town","Iringa, Tanzania",99305,258505599,2,936.045054028706,"maize"
"11","Mafinga","town","Iringa, Tanzania",99305,258505599,3,913.728393105079,"maize"
"12","Mafinga","town","Iringa, Tanzania",99305,258505599,4,857.416386976475,"maize"
"13","Mafinga","town","Iringa, Tanzania",99305,258505599,5,832.141689989303,"maize"
"14","Mafinga","town","Iringa, Tanzania",99305,258505599,6,815.986613243419,"maize"
"15","Mafinga","town","Iringa, Tanzania",99305,258505599,7,808.182077343458,"maize"
"16","Mafinga","town","Iringa, Tanzania",99305,258505599,8,810.196743970126,"maize"
"17","Masumbwe","town","Shinyanga, Tanzania",50000,259713894,1,1090.54151090825,"maize"
"18","Masumbwe","town","Shinyanga, Tanzania",50000,259713894,2,1064.85763794733,"maize"
"19","Masumbwe","town","Shinyanga, Tanzania",50000,259713894,3,1042.79322792576,"maize"
"20","Masumbwe","town","Shinyanga, Tanzania",50000,259713894,4,914.466728951369,"maize"
"21","Masumbwe","town","Shinyanga, Tanzania",50000,259713894,5,916.331060224182,"maize"
"22","Masumbwe","town","Shinyanga, Tanzania",50000,259713894,6,941.270746605264,"maize"
"23","Masumbwe","town","Shinyanga, Tanzania",50000,259713894,7,948.704529193153,"maize"
"24","Masumbwe","town","Shinyanga, Tanzania",50000,259713894,8,948.279628749098,"maize"
"25","Vwawa","town","Mbeya, Tanzania",85000,262107786,1,970.980587443327,"maize"
"26","Vwawa","town","Mbeya, Tanzania",85000,262107786,2,957.392812570999,"maize"
"27","Vwawa","town","Mbeya, Tanzania",85000,262107786,3,951.997960821072,"maize"
"28","Vwawa","town","Mbeya, Tanzania",85000,262107786,4,917.082112844427,"maize"
"29","Vwawa","town","Mbeya, Tanzania",85000,262107786,5,881.738794404419,"maize"
"30","Vwawa","town","Mbeya, Tanzania",85000,262107786,6,853.820142640401,"maize"
"31","Vwawa","town","Mbeya, Tanzania",85000,262107786,7,845.549224437295,"maize"
"32","Vwawa","town","Mbeya, Tanzania",85000,262107786,8,848.809492174755,"maize"
"33","Chake-Chake","town",NA,52047,622514835,1,1124.27258111292,"maize"
"34","Chake-Chake","town",NA,52047,622514835,2,1132.45748843291,"maize"
"35","Chake-Chake","town",NA,52047,622514835,3,1111.17074789632,"maize"
"36","Chake-Chake","town",NA,52047,622514835,4,1070.15686882785,"maize"
"37","Chake-Chake","town",NA,52047,622514835,5,1137.92192043046,"maize"
"38","Chake-Chake","town",NA,52047,622514835,6,1136.99085628773,"maize"
"39","Chake-Chake","town",NA,52047,622514835,7,1138.96860373141,"maize"
"40","Chake-Chake","town",NA,52047,622514835,8,1097.38322638234,"maize"
"41","Babati","town",NA,67445,-1047512940,1,978.696325324243,"maize"
"42","Babati","town",NA,67445,-1047512940,2,982.793027812583,"maize"
"43","Babati","town",NA,67445,-1047512940,3,986.010794159533,"maize"
"44","Babati","town",NA,67445,-1047512940,4,958.91861396242,"maize"
"45","Babati","town",NA,67445,-1047512940,5,935.56201621574,"maize"
"46","Babati","town",NA,67445,-1047512940,6,925.711972283432,"maize"
"47","Babati","town",NA,67445,-1047512940,7,932.059010771887,"maize"
"48","Babati","town",NA,67445,-1047512940,8,927.944394257077,"maize"
"49","Vikindu","town",NA,70000,1826809646,1,1107.00298333004,"maize"
"50","Vikindu","town",NA,70000,1826809646,2,1085.22948102358,"maize"
"51","Vikindu","town",NA,70000,1826809646,3,1069.20401523234,"maize"
"52","Vikindu","town",NA,70000,1826809646,4,1052.43302154371,"maize"
"53","Vikindu","town",NA,70000,1826809646,5,1042.48985601367,"maize"
"54","Vikindu","town",NA,70000,1826809646,6,1055.96519362957,"maize"
"55","Vikindu","town",NA,70000,1826809646,7,1115.09483719115,"maize"
"56","Vikindu","town",NA,70000,1826809646,8,1088.75366234089,"maize"
"57","Bagamoyo","town",NA,55000,258155223,1,1137.85241699219,"maize"
"58","Bagamoyo","town",NA,55000,258155223,2,1131.21276855469,"maize"
"59","Bagamoyo","town",NA,55000,258155223,3,1108.33630371094,"maize"
"60","Bagamoyo","town",NA,55000,258155223,4,1071.35778808594,"maize"
"61","Bagamoyo","town",NA,55000,258155223,5,1075.26611328125,"maize"
"62","Bagamoyo","town",NA,55000,258155223,6,1082.90051269531,"maize"
"63","Bagamoyo","town",NA,55000,258155223,7,1110.16552734375,"maize"
"64","Bagamoyo","town",NA,55000,258155223,8,1087.54846191406,"maize"
"65","Masasi","town",NA,89700,258502528,1,1113.18202605985,"maize"
"66","Masasi","town",NA,89700,258502528,2,1079.02551324963,"maize"
"67","Masasi","town",NA,89700,258502528,3,1016.84645976076,"maize"
"68","Masasi","town",NA,89700,258502528,4,956.275359728263,"maize"
"69","Masasi","town",NA,89700,258502528,5,914.670141623455,"maize"
"70","Masasi","town",NA,89700,258502528,6,916.855849046421,"maize"
"71","Masasi","town",NA,89700,258502528,7,949.992929564493,"maize"
"72","Masasi","town",NA,89700,258502528,8,943.173374228268,"maize"
"73","Njombe","town",NA,92537,258511874,1,922.211719176386,"maize"
"74","Njombe","town",NA,92537,258511874,2,907.134526364254,"maize"
"75","Njombe","town",NA,92537,258511874,3,900.395122476107,"maize"
"76","Njombe","town",NA,92537,258511874,4,848.582751466931,"maize"
"77","Njombe","town",NA,92537,258511874,5,830.238012539583,"maize"
"78","Njombe","town",NA,92537,258511874,6,830.246648666312,"maize"
"79","Njombe","town",NA,92537,258511874,7,804.64168990515,"maize"
"80","Njombe","town",NA,92537,258511874,8,812.693820223545,"maize"
"81","Tunduru","town","Ruvuma, Tanzania",50054,258926603,1,1115.93873780218,"maize"
"82","Tunduru","town","Ruvuma, Tanzania",50054,258926603,2,1067.05507428104,"maize"
"83","Tunduru","town","Ruvuma, Tanzania",50054,258926603,3,1042.89842072863,"maize"
"84","Tunduru","town","Ruvuma, Tanzania",50054,258926603,4,1009.31592546253,"maize"
"85","Tunduru","town","Ruvuma, Tanzania",50054,258926603,5,978.228652446247,"maize"
"86","Tunduru","town","Ruvuma, Tanzania",50054,258926603,6,980.090356784286,"maize"
"87","Tunduru","town","Ruvuma, Tanzania",50054,258926603,7,1010.38846297623,"maize"
"88","Tunduru","town","Ruvuma, Tanzania",50054,258926603,8,941.363521948248,"maize"
"89","Katoro","town","Geita, Tanzania",75000,258932063,1,1102.58124324833,"maize"
"90","Katoro","town","Geita, Tanzania",75000,258932063,2,1073.4510367745,"maize"
"91","Katoro","town","Geita, Tanzania",75000,258932063,3,1058.23221706109,"maize"
"92","Katoro","town","Geita, Tanzania",75000,258932063,4,959.381231928877,"maize"
"93","Katoro","town","Geita, Tanzania",75000,258932063,5,978.586561093878,"maize"
"94","Katoro","town","Geita, Tanzania",75000,258932063,6,1001.90873041973,"maize"
"95","Katoro","town","Geita, Tanzania",75000,258932063,7,991.453761994237,"maize"
"96","Katoro","town","Geita, Tanzania",75000,258932063,8,986.48022688531,"maize"
"97","Lindi","town","Mtwara, Tanzania",95096,258162403,1,1224.14988929038,"maize"
"98","Lindi","town","Mtwara, Tanzania",95096,258162403,2,1214.09176818374,"maize"
"99","Lindi","town","Mtwara, Tanzania",95096,258162403,3,1147.71067134487,"maize"
"100","Lindi","town","Mtwara, Tanzania",95096,258162403,4,1131.19403097192,"maize"
"101","Lindi","town","Mtwara, Tanzania",95096,258162403,5,1089.31940497388,"maize"
"102","Lindi","town","Mtwara, Tanzania",95096,258162403,6,1079.89156673144,"maize"
"103","Lindi","town","Mtwara, Tanzania",95096,258162403,7,1114.15527061592,"maize"
"104","Lindi","town","Mtwara, Tanzania",95096,258162403,8,1071.46438383506,"maize"
"105","Mbinga","town","Ruvuma, Tanzania",60868,258514275,1,912.690449664386,"maize"
"106","Mbinga","town","Ruvuma, Tanzania",60868,258514275,2,912.79821650058,"maize"
"107","Mbinga","town","Ruvuma, Tanzania",60868,258514275,3,945.790613570281,"maize"
"108","Mbinga","town","Ruvuma, Tanzania",60868,258514275,4,935.667387890452,"maize"
"109","Mbinga","town","Ruvuma, Tanzania",60868,258514275,5,897.998685121848,"maize"
"110","Mbinga","town","Ruvuma, Tanzania",60868,258514275,6,804.157875554546,"maize"
"111","Mbinga","town","Ruvuma, Tanzania",60868,258514275,7,771.47673291574,"maize"
"112","Mbinga","town","Ruvuma, Tanzania",60868,258514275,8,772.26422536322,"maize"
"113","Kondoa","town","Dodoma, Tanzania",80443,258589880,1,1040.19151587954,"maize"
"114","Kondoa","town","Dodoma, Tanzania",80443,258589880,2,1025.55319221192,"maize"
"115","Kondoa","town","Dodoma, Tanzania",80443,258589880,3,997.949514378619,"maize"
"116","Kondoa","town","Dodoma, Tanzania",80443,258589880,4,985.623284422728,"maize"
"117","Kondoa","town","Dodoma, Tanzania",80443,258589880,5,970.6036016648,"maize"
"118","Kondoa","town","Dodoma, Tanzania",80443,258589880,6,966.206077517005,"maize"
"119","Kondoa","town","Dodoma, Tanzania",80443,258589880,7,971.713107110444,"maize"
"120","Kondoa","town","Dodoma, Tanzania",80443,258589880,8,936.482278587977,"maize"
"121","Tukuyu","town","Tanzania",50000,331456915,1,965.08740214396,"maize"
"122","Tukuyu","town","Tanzania",50000,331456915,2,943.663616695965,"maize"
"123","Tukuyu","town","Tanzania",50000,331456915,3,948.189860354417,"maize"
"124","Tukuyu","town","Tanzania",50000,331456915,4,920.523982834383,"maize"
"125","Tukuyu","town","Tanzania",50000,331456915,5,890.765306071236,"maize"
"126","Tukuyu","town","Tanzania",50000,331456915,6,842.7067246394,"maize"
"127","Tukuyu","town","Tanzania",50000,331456915,7,833.899190732382,"maize"
"128","Tukuyu","town","Tanzania",50000,331456915,8,835.870986846259,"maize"
"129","Mpanda","city",NA,204338,255589318,1,1048.41730543684,"maize"
"130","Mpanda","city",NA,204338,255589318,2,949.81698959087,"maize"
"131","Mpanda","city",NA,204338,255589318,3,925.765216777359,"maize"
"132","Mpanda","city",NA,204338,255589318,4,829.117378428579,"maize"
"133","Mpanda","city",NA,204338,255589318,5,785.085969302569,"maize"
"134","Mpanda","city",NA,204338,255589318,6,853.933231869723,"maize"
"135","Mpanda","city",NA,204338,255589318,7,883.280130467961,"maize"
"136","Mpanda","city",NA,204338,255589318,8,901.006585523827,"maize"
"137","Shinyanga","city",NA,139727,255591375,1,1185.55799659938,"maize"
"138","Shinyanga","city",NA,139727,255591375,2,1156.15632835812,"maize"
"139","Shinyanga","city",NA,139727,255591375,3,1105.96471382649,"maize"
"140","Shinyanga","city",NA,139727,255591375,4,1064.83098600632,"maize"
"141","Shinyanga","city",NA,139727,255591375,5,1053.41626305282,"maize"
"142","Shinyanga","city",NA,139727,255591375,6,1125.60059420603,"maize"
"143","Shinyanga","city",NA,139727,255591375,7,1111.81852074173,"maize"
"144","Shinyanga","city",NA,139727,255591375,8,1040.22065234339,"maize"
"145","Singida","city","Singida, Tanzania",165492,255591716,1,1005.05057277612,"maize"
"146","Singida","city","Singida, Tanzania",165492,255591716,2,971.930123463262,"maize"
"147","Singida","city","Singida, Tanzania",165492,255591716,3,977.79419801966,"maize"
"148","Singida","city","Singida, Tanzania",165492,255591716,4,970.489143088597,"maize"
"149","Singida","city","Singida, Tanzania",165492,255591716,5,941.021330666774,"maize"
"150","Singida","city","Singida, Tanzania",165492,255591716,6,930.629067735237,"maize"
"151","Singida","city","Singida, Tanzania",165492,255591716,7,900.120978409562,"maize"
"152","Singida","city","Singida, Tanzania",165492,255591716,8,869.765833079117,"maize"
"153","Moshi","city","Tanzania",221733,255602805,1,1138.71012606067,"maize"
"154","Moshi","city","Tanzania",221733,255602805,2,1139.56114120959,"maize"
"155","Moshi","city","Tanzania",221733,255602805,3,1131.40862915008,"maize"
"156","Moshi","city","Tanzania",221733,255602805,4,1072.25256692962,"maize"
"157","Moshi","city","Tanzania",221733,255602805,5,1076.82705728437,"maize"
"158","Moshi","city","Tanzania",221733,255602805,6,1057.85185097673,"maize"
"159","Moshi","city","Tanzania",221733,255602805,7,1047.05120865032,"maize"
"160","Moshi","city","Tanzania",221733,255602805,8,1012.44848323692,"maize"
"161","Bukoba","city",NA,144938,258165920,1,1017.82080006876,"maize"
"162","Bukoba","city",NA,144938,258165920,2,1018.71191619732,"maize"
"163","Bukoba","city",NA,144938,258165920,3,1025.99899249173,"maize"
"164","Bukoba","city",NA,144938,258165920,4,960.916851963475,"maize"
"165","Bukoba","city",NA,144938,258165920,5,1001.32925117798,"maize"
"166","Bukoba","city",NA,144938,258165920,6,1005.73495813094,"maize"
"167","Bukoba","city",NA,144938,258165920,7,1027.76823637528,"maize"
"168","Bukoba","city",NA,144938,258165920,8,1021.48352236667,"maize"
"169","Bariadi","city",NA,260927,258511419,1,1111.82636412125,"maize"
"170","Bariadi","city",NA,260927,258511419,2,1108.57204422712,"maize"
"171","Bariadi","city",NA,260927,258511419,3,1090.35784187816,"maize"
"172","Bariadi","city",NA,260927,258511419,4,1043.92125520118,"maize"
"173","Bariadi","city",NA,260927,258511419,5,1018.55441385465,"maize"
"174","Bariadi","city",NA,260927,258511419,6,1006.91210223382,"maize"
"175","Bariadi","city",NA,260927,258511419,7,992.375522426359,"maize"
"176","Bariadi","city",NA,260927,258511419,8,956.513147229928,"maize"
"177","Tarime","city",NA,133043,258513630,1,1112.94494279882,"maize"
"178","Tarime","city",NA,133043,258513630,2,1096.938837285,"maize"
"179","Tarime","city",NA,133043,258513630,3,1096.81054544795,"maize"
"180","Tarime","city",NA,133043,258513630,4,1057.38056856825,"maize"
"181","Tarime","city",NA,133043,258513630,5,1058.08009287067,"maize"
"182","Tarime","city",NA,133043,258513630,6,1063.82818952574,"maize"
"183","Tarime","city",NA,133043,258513630,7,1063.5150220731,"maize"
"184","Tarime","city",NA,133043,258513630,8,1053.97789281621,"maize"
"185","Handeni","city",NA,108968,262031206,1,1083.44990198583,"maize"
"186","Handeni","city",NA,108968,262031206,2,1079.49313445922,"maize"
"187","Handeni","city",NA,108968,262031206,3,1047.22308986622,"maize"
"188","Handeni","city",NA,108968,262031206,4,1010.35342956719,"maize"
"189","Handeni","city",NA,108968,262031206,5,1035.30668020582,"maize"
"190","Handeni","city",NA,108968,262031206,6,1021.09999944926,"maize"
"191","Handeni","city",NA,108968,262031206,7,1019.40341941466,"maize"
"192","Handeni","city",NA,108968,262031206,8,989.745511677504,"maize"
"193","Sumbawanga","city",NA,182970,262095995,1,900.345327028346,"maize"
"194","Sumbawanga","city",NA,182970,262095995,2,866.322984767269,"maize"
"195","Sumbawanga","city",NA,182970,262095995,3,835.816129002111,"maize"
"196","Sumbawanga","city",NA,182970,262095995,4,814.694304978261,"maize"
"197","Sumbawanga","city",NA,182970,262095995,5,785.854544909414,"maize"
"198","Sumbawanga","city",NA,182970,262095995,6,767.509074414483,"maize"
"199","Sumbawanga","city",NA,182970,262095995,7,762.040346022264,"maize"
"200","Sumbawanga","city",NA,182970,262095995,8,760.429794309275,"maize"
"201","Kasulu","city",NA,238321,-1438770267,1,961.210994824199,"maize"
"202","Kasulu","city",NA,238321,-1438770267,2,947.848127527681,"maize"
"203","Kasulu","city",NA,238321,-1438770267,3,905.233663753357,"maize"
"204","Kasulu","city",NA,238321,-1438770267,4,867.296278159451,"maize"
"205","Kasulu","city",NA,238321,-1438770267,5,858.511097931496,"maize"
"206","Kasulu","city",NA,238321,-1438770267,6,839.498369075956,"maize"
"207","Kasulu","city",NA,238321,-1438770267,7,831.864639255089,"maize"
"208","Kasulu","city",NA,238321,-1438770267,8,834.881877191016,"maize"
"209","Tabora","city",NA,221466,255590043,1,1083.37200228173,"maize"
"210","Tabora","city",NA,221466,255590043,2,1021.63511322765,"maize"
"211","Tabora","city",NA,221466,255590043,3,973.431280613248,"maize"
"212","Tabora","city",NA,221466,255590043,4,864.322034650264,"maize"
"213","Tabora","city",NA,221466,255590043,5,830.110104442239,"maize"
"214","Tabora","city",NA,221466,255590043,6,909.221210640753,"maize"
"215","Tabora","city",NA,221466,255590043,7,904.536130553792,"maize"
"216","Tabora","city",NA,221466,255590043,8,936.273434104561,"maize"
"217","Makambako","city",NA,116232,258117759,1,950.921913169307,"maize"
"218","Makambako","city",NA,116232,258117759,2,944.349678660982,"maize"
"219","Makambako","city",NA,116232,258117759,3,937.914201440363,"maize"
"220","Makambako","city",NA,116232,258117759,4,880.148771801815,"maize"
"221","Makambako","city",NA,116232,258117759,5,857.66548629725,"maize"
"222","Makambako","city",NA,116232,258117759,6,847.869661500358,"maize"
"223","Makambako","city",NA,116232,258117759,7,818.96981967881,"maize"
"224","Makambako","city",NA,116232,258117759,8,824.76527162784,"maize"
"225","Ifakara","city",NA,205843,258135360,1,1047.36387283942,"maize"
"226","Ifakara","city",NA,205843,258135360,2,990.05520704477,"maize"
"227","Ifakara","city",NA,205843,258135360,3,987.376982925311,"maize"
"228","Ifakara","city",NA,205843,258135360,4,973.416131988706,"maize"
"229","Ifakara","city",NA,205843,258135360,5,951.789016133108,"maize"
"230","Ifakara","city",NA,205843,258135360,6,954.638689053164,"maize"
"231","Ifakara","city",NA,205843,258135360,7,974.866812646673,"maize"
"232","Ifakara","city",NA,205843,258135360,8,987.215810664681,"maize"
"233","Mtwara","city",NA,140793,258162316,1,1115.25659802968,"maize"
"234","Mtwara","city",NA,140793,258162316,2,1128.58058289687,"maize"
"235","Mtwara","city",NA,140793,258162316,3,1080.15551885625,"maize"
"236","Mtwara","city",NA,140793,258162316,4,1063.95194151093,"maize"
"237","Mtwara","city",NA,140793,258162316,5,1040.26133652187,"maize"
"238","Mtwara","city",NA,140793,258162316,6,1039.901971025,"maize"
"239","Mtwara","city",NA,140793,258162316,7,1076.36794743906,"maize"
"240","Mtwara","city",NA,140793,258162316,8,1038.768252275,"maize"
"241","Bunda","city","Mara, Tanzania",182970,258170602,1,1143.30575907281,"maize"
"242","Bunda","city","Mara, Tanzania",182970,258170602,2,1136.90809168501,"maize"
"243","Bunda","city","Mara, Tanzania",182970,258170602,3,1112.94256749629,"maize"
"244","Bunda","city","Mara, Tanzania",182970,258170602,4,1065.40903805742,"maize"
"245","Bunda","city","Mara, Tanzania",182970,258170602,5,1059.61260327614,"maize"
"246","Bunda","city","Mara, Tanzania",182970,258170602,6,1052.84629304212,"maize"
"247","Bunda","city","Mara, Tanzania",182970,258170602,7,1044.42387651907,"maize"
"248","Bunda","city","Mara, Tanzania",182970,258170602,8,1007.97793228315,"maize"
"249","Nzega","city","Tabora, Tanzania",125193,258512646,1,1098.97164457832,"maize"
"250","Nzega","city","Tabora, Tanzania",125193,258512646,2,1059.07075893616,"maize"
"251","Nzega","city","Tabora, Tanzania",125193,258512646,3,1020.93694120342,"maize"
"252","Nzega","city","Tabora, Tanzania",125193,258512646,4,937.001284550746,"maize"
"253","Nzega","city","Tabora, Tanzania",125193,258512646,5,922.498214963686,"maize"
"254","Nzega","city","Tabora, Tanzania",125193,258512646,6,980.184053400444,"maize"
"255","Nzega","city","Tabora, Tanzania",125193,258512646,7,980.961804550915,"maize"
"256","Nzega","city","Tabora, Tanzania",125193,258512646,8,973.413835053267,"maize"
"257","Musoma","city",NA,164172,259711489,1,1111.86955149064,"maize"
"258","Musoma","city",NA,164172,259711489,2,1092.38391865557,"maize"
"259","Musoma","city",NA,164172,259711489,3,1084.73507058641,"maize"
"260","Musoma","city",NA,164172,259711489,4,1069.87218021798,"maize"
"261","Musoma","city",NA,164172,259711489,5,1083.47151259873,"maize"
"262","Musoma","city",NA,164172,259711489,6,1066.05454500516,"maize"
"263","Musoma","city",NA,164172,259711489,7,1060.82811508366,"maize"
"264","Musoma","city",NA,164172,259711489,8,1010.91785979042,"maize"
"265","Tunduma","city",NA,219309,262107914,1,1010.74876066686,"maize"
"266","Tunduma","city",NA,219309,262107914,2,984.33714319241,"maize"
"267","Tunduma","city",NA,219309,262107914,3,976.896735335614,"maize"
"268","Tunduma","city",NA,219309,262107914,4,914.572300802261,"maize"
"269","Tunduma","city",NA,219309,262107914,5,878.09211910773,"maize"
"270","Tunduma","city",NA,219309,262107914,6,869.094882217387,"maize"
"271","Tunduma","city",NA,219309,262107914,7,859.533961554859,"maize"
"272","Tunduma","city",NA,219309,262107914,8,873.78861896159,"maize"
"273","Sengerema","city","Mwanza, Tanzania",110000,1033871200,1,1133.59930785238,"maize"
"274","Sengerema","city","Mwanza, Tanzania",110000,1033871200,2,1100.58577598539,"maize"
"275","Sengerema","city","Mwanza, Tanzania",110000,1033871200,3,1093.47952609761,"maize"
"276","Sengerema","city","Mwanza, Tanzania",110000,1033871200,4,1029.14971560426,"maize"
"277","Sengerema","city","Mwanza, Tanzania",110000,1033871200,5,1043.44918601571,"maize"
"278","Sengerema","city","Mwanza, Tanzania",110000,1033871200,6,1079.23221647683,"maize"
"279","Sengerema","city","Mwanza, Tanzania",110000,1033871200,7,1078.69074859546,"maize"
"280","Sengerema","city","Mwanza, Tanzania",110000,1033871200,8,1055.77431587461,"maize"
"281","Iringa","city",NA,202490,-1814178299,1,988.25481470278,"maize"
"282","Iringa","city",NA,202490,-1814178299,2,978.07972434161,"maize"
"283","Iringa","city",NA,202490,-1814178299,3,947.417919645898,"maize"
"284","Iringa","city",NA,202490,-1814178299,4,910.117282895979,"maize"
"285","Iringa","city",NA,202490,-1814178299,5,871.902119306656,"maize"
"286","Iringa","city",NA,202490,-1814178299,6,875.66867109257,"maize"
"287","Iringa","city",NA,202490,-1814178299,7,825.364485305262,"maize"
"288","Iringa","city",NA,202490,-1814178299,8,817.107265210675,"maize"
"289","Dodoma","city",NA,765179,87841198,1,1139.99094561153,"maize"
"290","Dodoma","city",NA,765179,87841198,2,1082.68980549624,"maize"
"291","Dodoma","city",NA,765179,87841198,3,1042.85392230083,"maize"
"292","Dodoma","city",NA,765179,87841198,4,1014.85921460329,"maize"
"293","Dodoma","city",NA,765179,87841198,5,1003.36888213932,"maize"
"294","Dodoma","city",NA,765179,87841198,6,1013.93103245082,"maize"
"295","Dodoma","city",NA,765179,87841198,7,987.558187428835,"maize"
"296","Dodoma","city",NA,765179,87841198,8,1032.93615947015,"maize"
"297","Morogoro","city","Tanzania",471409,252592807,1,1092.49968577239,"maize"
"298","Morogoro","city","Tanzania",471409,252592807,2,1085.35640624523,"maize"
"299","Morogoro","city","Tanzania",471409,252592807,3,1045.36452096216,"maize"
"300","Morogoro","city","Tanzania",471409,252592807,4,1016.90485041422,"maize"
"301","Morogoro","city","Tanzania",471409,252592807,5,1018.72490311194,"maize"
"302","Morogoro","city","Tanzania",471409,252592807,6,1029.49365049986,"maize"
"303","Morogoro","city","Tanzania",471409,252592807,7,1057.86392721883,"maize"
"304","Morogoro","city","Tanzania",471409,252592807,8,1013.80406030525,"maize"
"305","Songea","city",NA,286285,258160432,1,883.957831945181,"maize"
"306","Songea","city",NA,286285,258160432,2,931.835124661321,"maize"
"307","Songea","city",NA,286285,258160432,3,903.529873438106,"maize"
"308","Songea","city",NA,286285,258160432,4,894.379596954942,"maize"
"309","Songea","city",NA,286285,258160432,5,849.098046622193,"maize"
"310","Songea","city",NA,286285,258160432,6,815.935414438368,"maize"
"311","Songea","city",NA,286285,258160432,7,734.46389664045,"maize"
"312","Songea","city",NA,286285,258160432,8,745.174476464063,"maize"
"313","Kibaha","city",NA,265360,258168998,1,1122.31936577538,"maize"
"314","Kibaha","city",NA,265360,258168998,2,1117.36073876169,"maize"
"315","Kibaha","city",NA,265360,258168998,3,1097.70158723687,"maize"
"316","Kibaha","city",NA,265360,258168998,4,1076.31976985228,"maize"
"317","Kibaha","city",NA,265360,258168998,5,1060.73960907003,"maize"
"318","Kibaha","city",NA,265360,258168998,6,1086.4356025794,"maize"
"319","Kibaha","city",NA,265360,258168998,7,1148.20463601504,"maize"
"320","Kibaha","city",NA,265360,258168998,8,1101.42573727613,"maize"
"321","Kahama","city","Shinyanga, Tanzania",453654,261964012,1,1092.27694572838,"maize"
"322","Kahama","city","Shinyanga, Tanzania",453654,261964012,2,1060.47859276032,"maize"
"323","Kahama","city","Shinyanga, Tanzania",453654,261964012,3,1032.69293261239,"maize"
"324","Kahama","city","Shinyanga, Tanzania",453654,261964012,4,930.583660047226,"maize"
"325","Kahama","city","Shinyanga, Tanzania",453654,261964012,5,929.272707896846,"maize"
"326","Kahama","city","Shinyanga, Tanzania",453654,261964012,6,961.675891271973,"maize"
"327","Kahama","city","Shinyanga, Tanzania",453654,261964012,7,961.106671954991,"maize"
"328","Kahama","city","Shinyanga, Tanzania",453654,261964012,8,958.189392067526,"maize"
"329","Mbeya","city",NA,541603,255594923,1,975.563404660628,"maize"
"330","Mbeya","city",NA,541603,255594923,2,973.852378413205,"maize"
"331","Mbeya","city",NA,541603,255594923,3,959.613236202684,"maize"
"332","Mbeya","city",NA,541603,255594923,4,917.167017902245,"maize"
"333","Mbeya","city",NA,541603,255594923,5,883.076198868016,"maize"
"334","Mbeya","city",NA,541603,255594923,6,835.08580678848,"maize"
"335","Mbeya","city",NA,541603,255594923,7,834.134987783964,"maize"
"336","Mbeya","city",NA,541603,255594923,8,806.906513858276,"maize"
"337","Arusha","city",NA,617631,255603098,1,1020.29313499914,"maize"
"338","Arusha","city",NA,617631,255603098,2,1030.68518799815,"maize"
"339","Arusha","city",NA,617631,255603098,3,1030.66425185206,"maize"
"340","Arusha","city",NA,617631,255603098,4,998.90166848554,"maize"
"341","Arusha","city",NA,617631,255603098,5,977.792421461146,"maize"
"342","Arusha","city",NA,617631,255603098,6,939.107205323175,"maize"
"343","Arusha","city",NA,617631,255603098,7,933.742768193687,"maize"
"344","Arusha","city",NA,617631,255603098,8,922.372275545974,"maize"
"345","Tanga","city",NA,393429,255615843,1,1119.30986641016,"maize"
"346","Tanga","city",NA,393429,255615843,2,1127.17214424844,"maize"
"347","Tanga","city",NA,393429,255615843,3,1098.92687626562,"maize"
"348","Tanga","city",NA,393429,255615843,4,1044.16654327656,"maize"
"349","Tanga","city",NA,393429,255615843,5,1093.95393944297,"maize"
"350","Tanga","city",NA,393429,255615843,6,1085.95558938633,"maize"
"351","Tanga","city",NA,393429,255615843,7,1084.21957630117,"maize"
"352","Tanga","city",NA,393429,255615843,8,1073.76888061953,"maize"
"353","Mwayaya","village",NA,10411,1363314648,1,959.250335386157,"maize"
"354","Mwayaya","village",NA,10411,1363314648,2,948.595684844369,"maize"
"355","Mwayaya","village",NA,10411,1363314648,3,912.841485315233,"maize"
"356","Mwayaya","village",NA,10411,1363314648,4,874.475711648109,"maize"
"357","Mwayaya","village",NA,10411,1363314648,5,872.0462388121,"maize"
"358","Mwayaya","village",NA,10411,1363314648,6,833.49831896133,"maize"
"359","Mwayaya","village",NA,10411,1363314648,7,820.47862069494,"maize"
"360","Mwayaya","village",NA,10411,1363314648,8,821.246009543288,"maize"
"361","Magu","town","Mwanza, Tanzania",23822,566128650,1,1157.8499294586,"maize"
"362","Magu","town","Mwanza, Tanzania",23822,566128650,2,1127.61801424797,"maize"
"363","Magu","town","Mwanza, Tanzania",23822,566128650,3,1106.25345048209,"maize"
"364","Magu","town","Mwanza, Tanzania",23822,566128650,4,1057.40386216192,"maize"
"365","Magu","town","Mwanza, Tanzania",23822,566128650,5,1065.90450160212,"maize"
"366","Magu","town","Mwanza, Tanzania",23822,566128650,6,1064.86948495943,"maize"
"367","Magu","town","Mwanza, Tanzania",23822,566128650,7,1049.66663895083,"maize"
"368","Magu","town","Mwanza, Tanzania",23822,566128650,8,1004.26154347532,"maize"
"369","Kasisa","village",NA,10712,1503794932,1,1136.65340145279,"maize"
"370","Kasisa","village",NA,10712,1503794932,2,1109.51887225926,"maize"
"371","Kasisa","village",NA,10712,1503794932,3,1111.1006100517,"maize"
"372","Kasisa","village",NA,10712,1503794932,4,1050.60999618704,"maize"
"373","Kasisa","village",NA,10712,1503794932,5,1061.84231104233,"maize"
"374","Kasisa","village",NA,10712,1503794932,6,1093.32593383392,"maize"
"375","Kasisa","village",NA,10712,1503794932,7,1093.04526741485,"maize"
"376","Kasisa","village",NA,10712,1503794932,8,1070.64603073072,"maize"
"377","Chifunfu","village",NA,15178,1521271554,1,1146.01069075244,"maize"
"378","Chifunfu","village",NA,15178,1521271554,2,1114.69389791889,"maize"
"379","Chifunfu","village",NA,15178,1521271554,3,1119.67063566602,"maize"
"380","Chifunfu","village",NA,15178,1521271554,4,1065.18132215972,"maize"
"381","Chifunfu","village",NA,15178,1521271554,5,1083.14876329102,"maize"
"382","Chifunfu","village",NA,15178,1521271554,6,1115.47570953823,"maize"
"383","Chifunfu","village",NA,15178,1521271554,7,1116.17628788419,"maize"
"384","Chifunfu","village",NA,15178,1521271554,8,1086.88616728692,"maize"
"385","Mabogini","village",NA,11855,-1533356741,1,1166.06071081164,"maize"
"386","Mabogini","village",NA,11855,-1533356741,2,1164.02209606429,"maize"
"387","Mabogini","village",NA,11855,-1533356741,3,1154.34138466407,"maize"
"388","Mabogini","village",NA,11855,-1533356741,4,1096.82268870923,"maize"
"389","Mabogini","village",NA,11855,-1533356741,5,1105.3247998119,"maize"
"390","Mabogini","village",NA,11855,-1533356741,6,1085.94544257535,"maize"
"391","Mabogini","village",NA,11855,-1533356741,7,1072.16696231287,"maize"
"392","Mabogini","village",NA,11855,-1533356741,8,1026.39705558168,"maize"
"393","Magugu","village",NA,13064,-1542787191,1,1075.1408731907,"maize"
"394","Magugu","village",NA,13064,-1542787191,2,1094.19660001172,"maize"
"395","Magugu","village",NA,13064,-1542787191,3,1086.90645857572,"maize"
"396","Magugu","village",NA,13064,-1542787191,4,1048.55541579612,"maize"
"397","Magugu","village",NA,13064,-1542787191,5,1020.85386110412,"maize"
"398","Magugu","village",NA,13064,-1542787191,6,1015.79949357928,"maize"
"399","Magugu","village",NA,13064,-1542787191,7,1008.18157364143,"maize"
"400","Magugu","village",NA,13064,-1542787191,8,981.121354614794,"maize"
"401","Viwanja Sitini","village",NA,17008,1532925283,1,1047.61738256813,"maize"
"402","Viwanja Sitini","village",NA,17008,1532925283,2,990.198822351428,"maize"
"403","Viwanja Sitini","village",NA,17008,1532925283,3,987.56631766629,"maize"
"404","Viwanja Sitini","village",NA,17008,1532925283,4,973.694388727853,"maize"
"405","Viwanja Sitini","village",NA,17008,1532925283,5,951.972861514419,"maize"
"406","Viwanja Sitini","village",NA,17008,1532925283,6,954.78746499339,"maize"
"407","Viwanja Sitini","village",NA,17008,1532925283,7,975.63810153214,"maize"
"408","Viwanja Sitini","village",NA,17008,1532925283,8,987.160500762269,"maize"
"409","Kibakwe","town","Mpwapwa;Dodoma;Tanzania",10000,965844399,1,974.939197369678,"maize"
"410","Kibakwe","town","Mpwapwa;Dodoma;Tanzania",10000,965844399,2,953.566359969718,"maize"
"411","Kibakwe","town","Mpwapwa;Dodoma;Tanzania",10000,965844399,3,961.132388034991,"maize"
"412","Kibakwe","town","Mpwapwa;Dodoma;Tanzania",10000,965844399,4,932.595230630288,"maize"
"413","Kibakwe","town","Mpwapwa;Dodoma;Tanzania",10000,965844399,5,909.267016365162,"maize"
"414","Kibakwe","town","Mpwapwa;Dodoma;Tanzania",10000,965844399,6,878.777865574133,"maize"
"415","Kibakwe","town","Mpwapwa;Dodoma;Tanzania",10000,965844399,7,903.225308297982,"maize"
"416","Kibakwe","town","Mpwapwa;Dodoma;Tanzania",10000,965844399,8,898.431629895205,"maize"
"417","Murubona","village",NA,21788,1363314639,1,960.852233818398,"maize"
"418","Murubona","village",NA,21788,1363314639,2,947.666799692638,"maize"
"419","Murubona","village",NA,21788,1363314639,3,905.631181298994,"maize"
"420","Murubona","village",NA,21788,1363314639,4,868.111759394581,"maize"
"421","Murubona","village",NA,21788,1363314639,5,859.057843071577,"maize"
"422","Murubona","village",NA,21788,1363314639,6,839.626869280698,"maize"
"423","Murubona","village",NA,21788,1363314639,7,831.475872329236,"maize"
"424","Murubona","village",NA,21788,1363314639,8,834.165348014234,"maize"
"425","Ngando","village",NA,10054,1297709573,1,1051.69240226811,"maize"
"426","Ngando","village",NA,10054,1297709573,2,1026.52450005039,"maize"
"427","Ngando","village",NA,10054,1297709573,3,1042.51270722013,"maize"
"428","Ngando","village",NA,10054,1297709573,4,1021.70660148825,"maize"
"429","Ngando","village",NA,10054,1297709573,5,988.653528822658,"maize"
"430","Ngando","village",NA,10054,1297709573,6,1003.42959061229,"maize"
"431","Ngando","village",NA,10054,1297709573,7,993.087099724629,"maize"
"432","Ngando","village",NA,10054,1297709573,8,993.530959767131,"maize"
"433","Kongwa","town",NA,309973,943235403,1,1066.98601831897,"maize"
"434","Kongwa","town",NA,309973,943235403,2,1009.3906262401,"maize"
"435","Kongwa","town",NA,309973,943235403,3,997.007949246001,"maize"
"436","Kongwa","town",NA,309973,943235403,4,976.745109888412,"maize"
"437","Kongwa","town",NA,309973,943235403,5,945.347549126344,"maize"
"438","Kongwa","town",NA,309973,943235403,6,935.315164156572,"maize"
"439","Kongwa","town",NA,309973,943235403,7,955.277518925886,"maize"
"440","Kongwa","town",NA,309973,943235403,8,960.463417330601,"maize"
"441","Ushirombo","town","Geita,Igulwa",23428,-891260704,1,1115.82147935152,"maize"
"442","Ushirombo","town","Geita,Igulwa",23428,-891260704,2,1089.06921977092,"maize"
"443","Ushirombo","town","Geita,Igulwa",23428,-891260704,3,1063.43831826111,"maize"
"444","Ushirombo","town","Geita,Igulwa",23428,-891260704,4,944.63011220189,"maize"
"445","Ushirombo","town","Geita,Igulwa",23428,-891260704,5,955.429370727877,"maize"
"446","Ushirombo","town","Geita,Igulwa",23428,-891260704,6,976.200886696047,"maize"
"447","Ushirombo","town","Geita,Igulwa",23428,-891260704,7,969.190947288159,"maize"
"448","Ushirombo","town","Geita,Igulwa",23428,-891260704,8,967.078348677809,"maize"
"449","Rusaba","village",NA,11908,1363314646,1,965.530058711148,"maize"
"450","Rusaba","village",NA,11908,1363314646,2,952.786853065543,"maize"
"451","Rusaba","village",NA,11908,1363314646,3,911.620422519762,"maize"
"452","Rusaba","village",NA,11908,1363314646,4,868.30958842305,"maize"
"453","Rusaba","village",NA,11908,1363314646,5,869.466198433536,"maize"
"454","Rusaba","village",NA,11908,1363314646,6,844.930863853842,"maize"
"455","Rusaba","village",NA,11908,1363314646,7,837.381770796904,"maize"
"456","Rusaba","village",NA,11908,1363314646,8,841.110707617137,"maize"
"457","Ruaha","village",NA,21459,1542080389,1,1052.40767640485,"maize"
"458","Ruaha","village",NA,21459,1542080389,2,1005.14734588663,"maize"
"459","Ruaha","village",NA,21459,1542080389,3,985.697587889988,"maize"
"460","Ruaha","village",NA,21459,1542080389,4,969.306695887918,"maize"
"461","Ruaha","village",NA,21459,1542080389,5,945.983785718981,"maize"
"462","Ruaha","village",NA,21459,1542080389,6,948.277945370001,"maize"
"463","Ruaha","village",NA,21459,1542080389,7,1004.1378859402,"maize"
"464","Ruaha","village",NA,21459,1542080389,8,968.707707953102,"maize"
"465","Kisesa 'A'","town","Mwanza, Tanzania",21707,259709135,1,1149.33878233966,"maize"
"466","Kisesa 'A'","town","Mwanza, Tanzania",21707,259709135,2,1129.23453952313,"maize"
"467","Kisesa 'A'","town","Mwanza, Tanzania",21707,259709135,3,1098.91264122116,"maize"
"468","Kisesa 'A'","town","Mwanza, Tanzania",21707,259709135,4,1045.84266544804,"maize"
"469","Kisesa 'A'","town","Mwanza, Tanzania",21707,259709135,5,1057.25602041863,"maize"
"470","Kisesa 'A'","town","Mwanza, Tanzania",21707,259709135,6,1072.27774228554,"maize"
"471","Kisesa 'A'","town","Mwanza, Tanzania",21707,259709135,7,1063.78169719227,"maize"
"472","Kisesa 'A'","town","Mwanza, Tanzania",21707,259709135,8,1031.08617934091,"maize"
"473","Misungwi","town",NA,30728,259066734,1,1134.61963611599,"maize"
"474","Misungwi","town",NA,30728,259066734,2,1112.47863236649,"maize"
"475","Misungwi","town",NA,30728,259066734,3,1077.59173606525,"maize"
"476","Misungwi","town",NA,30728,259066734,4,1035.16847981816,"maize"
"477","Misungwi","town",NA,30728,259066734,5,1032.07432874837,"maize"
"478","Misungwi","town",NA,30728,259066734,6,1054.33986623832,"maize"
"479","Misungwi","town",NA,30728,259066734,7,1040.89771414708,"maize"
"480","Misungwi","town",NA,30728,259066734,8,999.894869879561,"maize"
"481","Kitagata","village",NA,48852,1363314674,1,990.679057225486,"maize"
"482","Kitagata","village",NA,48852,1363314674,2,968.381977832069,"maize"
"483","Kitagata","village",NA,48852,1363314674,3,924.890610582575,"maize"
"484","Kitagata","village",NA,48852,1363314674,4,859.023747816983,"maize"
"485","Kitagata","village",NA,48852,1363314674,5,846.243564225716,"maize"
"486","Kitagata","village",NA,48852,1363314674,6,849.287455551586,"maize"
"487","Kitagata","village",NA,48852,1363314674,7,853.393439767329,"maize"
"488","Kitagata","village",NA,48852,1363314674,8,858.15785969312,"maize"
"489","Shunga","village",NA,25420,1363314675,1,957.91818203368,"maize"
"490","Shunga","village",NA,25420,1363314675,2,946.697042776935,"maize"
"491","Shunga","village",NA,25420,1363314675,3,922.523098125307,"maize"
"492","Shunga","village",NA,25420,1363314675,4,873.968589123328,"maize"
"493","Shunga","village",NA,25420,1363314675,5,871.027424529825,"maize"
"494","Shunga","village",NA,25420,1363314675,6,837.63768712183,"maize"
"495","Shunga","village",NA,25420,1363314675,7,832.212711342615,"maize"
"496","Shunga","village",NA,25420,1363314675,8,833.28659256818,"maize"
"497","Rungwe mpya","village",NA,12012,-102219464,1,1012.06204331756,"maize"
"498","Rungwe mpya","village",NA,12012,-102219464,2,974.683522684804,"maize"
"499","Rungwe mpya","village",NA,12012,-102219464,3,917.93290190948,"maize"
"500","Rungwe mpya","village",NA,12012,-102219464,4,855.857207316571,"maize"
"501","Rungwe mpya","village",NA,12012,-102219464,5,830.804796376244,"maize"
"502","Rungwe mpya","village",NA,12012,-102219464,6,836.507100033603,"maize"
"503","Rungwe mpya","village",NA,12012,-102219464,7,848.372744584298,"maize"
"504","Rungwe mpya","village",NA,12012,-102219464,8,858.266921742663,"maize"
"505","Muhweza","village",NA,10557259,-570366033,1,1077.38705319321,"maize"
"506","Muhweza","village",NA,10557259,-570366033,2,1076.40005413486,"maize"
"507","Muhweza","village",NA,10557259,-570366033,3,1070.68326788979,"maize"
"508","Muhweza","village",NA,10557259,-570366033,4,1010.84005560982,"maize"
"509","Muhweza","village",NA,10557259,-570366033,5,977.025190939111,"maize"
"510","Muhweza","village",NA,10557259,-570366033,6,950.012706393342,"maize"
"511","Muhweza","village",NA,10557259,-570366033,7,937.504607633424,"maize"
"512","Muhweza","village",NA,10557259,-570366033,8,934.624157394566,"maize"
"513","Mlabani","village",NA,10943,1532925284,1,1046.77318447395,"maize"
"514","Mlabani","village",NA,10943,1532925284,2,989.727440040265,"maize"
"515","Mlabani","village",NA,10943,1532925284,3,986.950951198495,"maize"
"516","Mlabani","village",NA,10943,1532925284,4,972.797528713427,"maize"
"517","Mlabani","village",NA,10943,1532925284,5,951.378648081158,"maize"
"518","Mlabani","village",NA,10943,1532925284,6,954.296454428563,"maize"
"519","Mlabani","village",NA,10943,1532925284,7,973.27197023735,"maize"
"520","Mlabani","village",NA,10943,1532925284,8,987.329423475955,"maize"
"521","kiberege","village",NA,10968,1535622650,1,1050.87842800247,"maize"
"522","kiberege","village",NA,10968,1535622650,2,993.022326531641,"maize"
"523","kiberege","village",NA,10968,1535622650,3,985.651564688266,"maize"
"524","kiberege","village",NA,10968,1535622650,4,970.768463433858,"maize"
"525","kiberege","village",NA,10968,1535622650,5,947.893811301167,"maize"
"526","kiberege","village",NA,10968,1535622650,6,950.363997976094,"maize"
"527","kiberege","village",NA,10968,1535622650,7,997.834862398127,"maize"
"528","kiberege","village",NA,10968,1535622650,8,994.506462077657,"maize"
"529","Ndirigishi","village",NA,10115,1740139684,1,1002.65607212992,"maize"
"530","Ndirigishi","village",NA,10115,1740139684,2,1018.14241181173,"maize"
"531","Ndirigishi","village",NA,10115,1740139684,3,995.987663097729,"maize"
"532","Ndirigishi","village",NA,10115,1740139684,4,994.93508458554,"maize"
"533","Ndirigishi","village",NA,10115,1740139684,5,947.091513090601,"maize"
"534","Ndirigishi","village",NA,10115,1740139684,6,927.328930367864,"maize"
"535","Ndirigishi","village",NA,10115,1740139684,7,916.161777977342,"maize"
"536","Ndirigishi","village",NA,10115,1740139684,8,892.085238559024,"maize"
"537","Mvugwe","village",NA,13221,1363314670,1,1011.54290779017,"maize"
"538","Mvugwe","village",NA,13221,1363314670,2,989.628404115477,"maize"
"539","Mvugwe","village",NA,13221,1363314670,3,936.10291924414,"maize"
"540","Mvugwe","village",NA,13221,1363314670,4,855.687320453673,"maize"
"541","Mvugwe","village",NA,13221,1363314670,5,852.15615257736,"maize"
"542","Mvugwe","village",NA,13221,1363314670,6,864.263856797433,"maize"
"543","Mvugwe","village",NA,13221,1363314670,7,873.783715614641,"maize"
"544","Mvugwe","village",NA,13221,1363314670,8,876.096816257926,"maize"
"545","Majengo Mapya","village",NA,10834,1657357671,1,1183.70350746629,"maize"
"546","Majengo Mapya","village",NA,10834,1657357671,2,1154.59678759933,"maize"
"547","Majengo Mapya","village",NA,10834,1657357671,3,1104.54283062997,"maize"
"548","Majengo Mapya","village",NA,10834,1657357671,4,1060.88311787165,"maize"
"549","Majengo Mapya","village",NA,10834,1657357671,5,1050.88505435952,"maize"
"550","Majengo Mapya","village",NA,10834,1657357671,6,1121.72543796126,"maize"
"551","Majengo Mapya","village",NA,10834,1657357671,7,1108.79481080091,"maize"
"552","Majengo Mapya","village",NA,10834,1657357671,8,1037.14118694346,"maize"
"553","Msowero","village",NA,10749,1547354096,1,1095.0267127651,"maize"
"554","Msowero","village",NA,10749,1547354096,2,1073.93102274068,"maize"
"555","Msowero","village",NA,10749,1547354096,3,1046.56857449552,"maize"
"556","Msowero","village",NA,10749,1547354096,4,991.295328681666,"maize"
"557","Msowero","village",NA,10749,1547354096,5,990.719311784199,"maize"
"558","Msowero","village",NA,10749,1547354096,6,1002.81168752455,"maize"
"559","Msowero","village",NA,10749,1547354096,7,1005.59964400282,"maize"
"560","Msowero","village",NA,10749,1547354096,8,963.928636173975,"maize"
"561","Lwamgasa","village","Geita, Tanzania",16357,965844821,1,1103.93911621666,"maize"
"562","Lwamgasa","village","Geita, Tanzania",16357,965844821,2,1076.07292748751,"maize"
"563","Lwamgasa","village","Geita, Tanzania",16357,965844821,3,1056.74327151809,"maize"
"564","Lwamgasa","village","Geita, Tanzania",16357,965844821,4,954.547208249863,"maize"
"565","Lwamgasa","village","Geita, Tanzania",16357,965844821,5,970.432169681725,"maize"
"566","Lwamgasa","village","Geita, Tanzania",16357,965844821,6,992.38001187066,"maize"
"567","Lwamgasa","village","Geita, Tanzania",16357,965844821,7,981.892604339915,"maize"
"568","Lwamgasa","village","Geita, Tanzania",16357,965844821,8,977.053978890566,"maize"
"569","Malunga","village",NA,10225,1649496020,1,1091.44637681565,"maize"
"570","Malunga","village",NA,10225,1649496020,2,1060.62426676091,"maize"
"571","Malunga","village",NA,10225,1649496020,3,1033.88315644749,"maize"
"572","Malunga","village",NA,10225,1649496020,4,931.245188754624,"maize"
"573","Malunga","village",NA,10225,1649496020,5,928.928686740553,"maize"
"574","Malunga","village",NA,10225,1649496020,6,961.793682538961,"maize"
"575","Malunga","village",NA,10225,1649496020,7,960.930929609997,"maize"
"576","Malunga","village",NA,10225,1649496020,8,957.77690811649,"maize"
"577","Majengo","village",NA,15917,1649486219,1,1091.71109780752,"maize"
"578","Majengo","village",NA,15917,1649486219,2,1060.84971660358,"maize"
"579","Majengo","village",NA,15917,1649486219,3,1034.1060593307,"maize"
"580","Majengo","village",NA,15917,1649486219,4,931.891064838652,"maize"
"581","Majengo","village",NA,15917,1649486219,5,929.724478688355,"maize"
"582","Majengo","village",NA,15917,1649486219,6,962.145388567175,"maize"
"583","Majengo","village",NA,15917,1649486219,7,961.495939179725,"maize"
"584","Majengo","village",NA,15917,1649486219,8,958.188972024611,"maize"
"585","Nkome","village",NA,11672,1381395089,1,1124.64577521102,"maize"
"586","Nkome","village",NA,11672,1381395089,2,1119.30503369781,"maize"
"587","Nkome","village",NA,11672,1381395089,3,1110.90758745558,"maize"
"588","Nkome","village",NA,11672,1381395089,4,1042.80351767697,"maize"
"589","Nkome","village",NA,11672,1381395089,5,1050.4254095089,"maize"
"590","Nkome","village",NA,11672,1381395089,6,1079.08312663169,"maize"
"591","Nkome","village",NA,11672,1381395089,7,1081.44155499132,"maize"
"592","Nkome","village",NA,11672,1381395089,8,1057.12628400265,"maize"
"593","Tloma, Ganako","village",NA,10996,-1077747087,1,987.74973905584,"maize"
"594","Tloma, Ganako","village",NA,10996,-1077747087,2,1003.54519779545,"maize"
"595","Tloma, Ganako","village",NA,10996,-1077747087,3,1011.97741365265,"maize"
"596","Tloma, Ganako","village",NA,10996,-1077747087,4,977.404763148586,"maize"
"597","Tloma, Ganako","village",NA,10996,-1077747087,5,951.360708116168,"maize"
"598","Tloma, Ganako","village",NA,10996,-1077747087,6,924.38110387353,"maize"
"599","Tloma, Ganako","village",NA,10996,-1077747087,7,914.817771000526,"maize"
"600","Tloma, Ganako","village",NA,10996,-1077747087,8,898.216898373708,"maize"
"601","Mto wa Mbu","town","Arusha, Tanzania",11405,255620128,1,1082.71376919904,"maize"
"602","Mto wa Mbu","town","Arusha, Tanzania",11405,255620128,2,1101.59299013019,"maize"
"603","Mto wa Mbu","town","Arusha, Tanzania",11405,255620128,3,1109.88898494027,"maize"
"604","Mto wa Mbu","town","Arusha, Tanzania",11405,255620128,4,1038.12889063322,"maize"
"605","Mto wa Mbu","town","Arusha, Tanzania",11405,255620128,5,1013.09362961427,"maize"
"606","Mto wa Mbu","town","Arusha, Tanzania",11405,255620128,6,1017.78789955586,"maize"
"607","Mto wa Mbu","town","Arusha, Tanzania",11405,255620128,7,1013.9591522635,"maize"
"608","Mto wa Mbu","town","Arusha, Tanzania",11405,255620128,8,986.812407121853,"maize"
"609","Mkamba","village",NA,16809,1535682578,1,1049.83812564256,"maize"
"610","Mkamba","village",NA,16809,1535682578,2,1004.1581094357,"maize"
"611","Mkamba","village",NA,16809,1535682578,3,984.765797447943,"maize"
"612","Mkamba","village",NA,16809,1535682578,4,969.557614990648,"maize"
"613","Mkamba","village",NA,16809,1535682578,5,945.191758955543,"maize"
"614","Mkamba","village",NA,16809,1535682578,6,946.613663370148,"maize"
"615","Mkamba","village",NA,16809,1535682578,7,1001.51041290526,"maize"
"616","Mkamba","village",NA,16809,1535682578,8,966.587122143262,"maize"
"617","Kayanga","town",NA,16590,-1675351656,1,1039.77853841523,"maize"
"618","Kayanga","town",NA,16590,-1675351656,2,1022.17631364776,"maize"
"619","Kayanga","town",NA,16590,-1675351656,3,1031.43864910319,"maize"
"620","Kayanga","town",NA,16590,-1675351656,4,985.092608881146,"maize"
"621","Kayanga","town",NA,16590,-1675351656,5,958.534945335752,"maize"
"622","Kayanga","town",NA,16590,-1675351656,6,955.790339534656,"maize"
"623","Kayanga","town",NA,16590,-1675351656,7,956.734658773048,"maize"
"624","Kayanga","town",NA,16590,-1675351656,8,954.343176087338,"maize"
"625","Hedaru","village",NA,14986,-1532751284,1,1082.39360875849,"maize"
"626","Hedaru","village",NA,14986,-1532751284,2,1080.6867210492,"maize"
"627","Hedaru","village",NA,14986,-1532751284,3,1070.35297739155,"maize"
"628","Hedaru","village",NA,14986,-1532751284,4,1034.39185856593,"maize"
"629","Hedaru","village",NA,14986,-1532751284,5,1035.16701051388,"maize"
"630","Hedaru","village",NA,14986,-1532751284,6,1003.45839331411,"maize"
"631","Hedaru","village",NA,14986,-1532751284,7,979.709682053724,"maize"
"632","Hedaru","village",NA,14986,-1532751284,8,954.672255875324,"maize"
"633","Kakola","village",NA,11740,1602138084,1,1099.68732744752,"maize"
"634","Kakola","village",NA,11740,1602138084,2,1068.41212239968,"maize"
"635","Kakola","village",NA,11740,1602138084,3,1048.03417249365,"maize"
"636","Kakola","village",NA,11740,1602138084,4,972.445796993783,"maize"
"637","Kakola","village",NA,11740,1602138084,5,975.812931822999,"maize"
"638","Kakola","village",NA,11740,1602138084,6,1003.14153989842,"maize"
"639","Kakola","village",NA,11740,1602138084,7,985.278030889619,"maize"
"640","Kakola","village",NA,11740,1602138084,8,972.196594954678,"maize"
"641","Madizini","village",NA,14168,1547370722,1,1118.86618668944,"maize"
"642","Madizini","village",NA,14168,1547370722,2,1094.95435192291,"maize"
"643","Madizini","village",NA,14168,1547370722,3,1067.96997842945,"maize"
"644","Madizini","village",NA,14168,1547370722,4,990.356329351619,"maize"
"645","Madizini","village",NA,14168,1547370722,5,1007.02188232622,"maize"
"646","Madizini","village",NA,14168,1547370722,6,1026.49405852415,"maize"
"647","Madizini","village",NA,14168,1547370722,7,1019.93595021619,"maize"
"648","Madizini","village",NA,14168,1547370722,8,978.023144087002,"maize"
"649","Nyehunge","village",NA,11083,1504736009,1,1079.91191510452,"maize"
"650","Nyehunge","village",NA,11083,1504736009,2,1066.32482765773,"maize"
"651","Nyehunge","village",NA,11083,1504736009,3,1061.87977460015,"maize"
"652","Nyehunge","village",NA,11083,1504736009,4,982.533257769088,"maize"
"653","Nyehunge","village",NA,11083,1504736009,5,997.334723064685,"maize"
"654","Nyehunge","village",NA,11083,1504736009,6,1027.37407909593,"maize"
"655","Nyehunge","village",NA,11083,1504736009,7,1024.11711637232,"maize"
"656","Nyehunge","village",NA,11083,1504736009,8,1017.23855025736,"maize"
"657","Chita","village",NA,15367,1530925247,1,1026.44092454121,"maize"
"658","Chita","village",NA,15367,1530925247,2,965.120765459946,"maize"
"659","Chita","village",NA,15367,1530925247,3,958.749519872327,"maize"
"660","Chita","village",NA,15367,1530925247,4,940.739580754669,"maize"
"661","Chita","village",NA,15367,1530925247,5,914.549755151484,"maize"
"662","Chita","village",NA,15367,1530925247,6,905.987874174783,"maize"
"663","Chita","village",NA,15367,1530925247,7,921.605441793115,"maize"
"664","Chita","village",NA,15367,1530925247,8,930.287780647926,"maize"
"665","Kalinzi","village",NA,10302,1223644663,1,967.494684185254,"maize"
"666","Kalinzi","village",NA,10302,1223644663,2,955.6783522436,"maize"
"667","Kalinzi","village",NA,10302,1223644663,3,910.968787240605,"maize"
"668","Kalinzi","village",NA,10302,1223644663,4,865.155677093893,"maize"
"669","Kalinzi","village",NA,10302,1223644663,5,865.79726017622,"maize"
"670","Kalinzi","village",NA,10302,1223644663,6,845.698399637154,"maize"
"671","Kalinzi","village",NA,10302,1223644663,7,840.777180838402,"maize"
"672","Kalinzi","village",NA,10302,1223644663,8,845.842037971856,"maize"
"673","Kibwigwa","village",NA,10005,1363314649,1,956.689753123136,"maize"
"674","Kibwigwa","village",NA,10005,1363314649,2,948.032800322007,"maize"
"675","Kibwigwa","village",NA,10005,1363314649,3,914.479268069059,"maize"
"676","Kibwigwa","village",NA,10005,1363314649,4,875.310992341263,"maize"
"677","Kibwigwa","village",NA,10005,1363314649,5,872.589810690361,"maize"
"678","Kibwigwa","village",NA,10005,1363314649,6,829.521099206,"maize"
"679","Kibwigwa","village",NA,10005,1363314649,7,815.79982532464,"maize"
"680","Kibwigwa","village",NA,10005,1363314649,8,816.270697547427,"maize"
"681","Muhunga","village",NA,10034,1363314677,1,957.159134692032,"maize"
"682","Muhunga","village",NA,10034,1363314677,2,944.194136130546,"maize"
"683","Muhunga","village",NA,10034,1363314677,3,905.371096566293,"maize"
"684","Muhunga","village",NA,10034,1363314677,4,872.655645333486,"maize"
"685","Muhunga","village",NA,10034,1363314677,5,862.466359324184,"maize"
"686","Muhunga","village",NA,10034,1363314677,6,837.0600375822,"maize"
"687","Muhunga","village",NA,10034,1363314677,7,827.021160722516,"maize"
"688","Muhunga","village",NA,10034,1363314677,8,828.295960826345,"maize"
"689","Kigina","village",NA,10455,1363314681,1,1024.93332925636,"maize"
"690","Kigina","village",NA,10455,1363314681,2,998.406329025117,"maize"
"691","Kigina","village",NA,10455,1363314681,3,964.975879529666,"maize"
"692","Kigina","village",NA,10455,1363314681,4,872.328655565948,"maize"
"693","Kigina","village",NA,10455,1363314681,5,866.334201530641,"maize"
"694","Kigina","village",NA,10455,1363314681,6,872.067882147795,"maize"
"695","Kigina","village",NA,10455,1363314681,7,878.58833784861,"maize"
"696","Kigina","village",NA,10455,1363314681,8,885.059876492704,"maize"
"697","Rulenge","town","Kagera, Tanzania",11444,259704149,1,1049.38791563599,"maize"
"698","Rulenge","town","Kagera, Tanzania",11444,259704149,2,1048.16688334551,"maize"
"699","Rulenge","town","Kagera, Tanzania",11444,259704149,3,1047.40612919224,"maize"
"700","Rulenge","town","Kagera, Tanzania",11444,259704149,4,1000.09652185955,"maize"
"701","Rulenge","town","Kagera, Tanzania",11444,259704149,5,970.023745468627,"maize"
"702","Rulenge","town","Kagera, Tanzania",11444,259704149,6,936.273440113928,"maize"
"703","Rulenge","town","Kagera, Tanzania",11444,259704149,7,926.022471754831,"maize"
"704","Rulenge","town","Kagera, Tanzania",11444,259704149,8,914.248253738294,"maize"
"705","Lipangalala","village",NA,10825,1532924456,1,1046.74163919541,"maize"
"706","Lipangalala","village",NA,10825,1532924456,2,989.639052779249,"maize"
"707","Lipangalala","village",NA,10825,1532924456,3,986.905318846038,"maize"
"708","Lipangalala","village",NA,10825,1532924456,4,972.828089392212,"maize"
"709","Lipangalala","village",NA,10825,1532924456,5,951.417745096354,"maize"
"710","Lipangalala","village",NA,10825,1532924456,6,954.222918514371,"maize"
"711","Lipangalala","village",NA,10825,1532924456,7,972.873936590754,"maize"
"712","Lipangalala","village",NA,10825,1532924456,8,987.027582332974,"maize"
"713","Mbuguni","village","Arumeru, Arusha",14880,846799029,1,1136.50770710082,"maize"
"714","Mbuguni","village","Arumeru, Arusha",14880,846799029,2,1138.37065066466,"maize"
"715","Mbuguni","village","Arumeru, Arusha",14880,846799029,3,1127.18383277725,"maize"
"716","Mbuguni","village","Arumeru, Arusha",14880,846799029,4,1050.99070741063,"maize"
"717","Mbuguni","village","Arumeru, Arusha",14880,846799029,5,1039.00458225599,"maize"
"718","Mbuguni","village","Arumeru, Arusha",14880,846799029,6,1026.39321852426,"maize"
"719","Mbuguni","village","Arumeru, Arusha",14880,846799029,7,1016.91069979422,"maize"
"720","Mbuguni","village","Arumeru, Arusha",14880,846799029,8,985.909096215816,"maize"
"721","Mwanza","city",NA,1104521,255590322,1,1191.148182453,"maize"
"722","Mwanza","city",NA,1104521,255590322,2,1162.22511491694,"maize"
"723","Mwanza","city",NA,1104521,255590322,3,1134.94371959183,"maize"
"724","Mwanza","city",NA,1104521,255590322,4,1094.27262355881,"maize"
"725","Mwanza","city",NA,1104521,255590322,5,1111.01381296177,"maize"
"726","Mwanza","city",NA,1104521,255590322,6,1142.47894076198,"maize"
"727","Mwanza","city",NA,1104521,255590322,7,1140.8147691564,"maize"
"728","Mwanza","city",NA,1104521,255590322,8,1107.72813190821,"maize"
"729","Korogwe","town","Tanga, Tanzania",62032,255655635,1,1146.6955761055,"maize"
"730","Korogwe","town","Tanga, Tanzania",62032,255655635,2,1138.00552065856,"maize"
"731","Korogwe","town","Tanga, Tanzania",62032,255655635,3,1109.66308900023,"maize"
"732","Korogwe","town","Tanga, Tanzania",62032,255655635,4,1063.11344126839,"maize"
"733","Korogwe","town","Tanga, Tanzania",62032,255655635,5,1104.35493166477,"maize"
"734","Korogwe","town","Tanga, Tanzania",62032,255655635,6,1086.74272883356,"maize"
"735","Korogwe","town","Tanga, Tanzania",62032,255655635,7,1079.13680330065,"maize"
"736","Korogwe","town","Tanga, Tanzania",62032,255655635,8,1033.15524413586,"maize"
"737","Dar es-Salaam","city",NA,5383728,27565027,1,1127.158524367,"maize"
"738","Dar es-Salaam","city",NA,5383728,27565027,2,1123.01621087666,"maize"
"739","Dar es-Salaam","city",NA,5383728,27565027,3,1099.86705281668,"maize"
"740","Dar es-Salaam","city",NA,5383728,27565027,4,1073.07224065245,"maize"
"741","Dar es-Salaam","city",NA,5383728,27565027,5,1059.27083925089,"maize"
"742","Dar es-Salaam","city",NA,5383728,27565027,6,1078.15196659566,"maize"
"743","Dar es-Salaam","city",NA,5383728,27565027,7,1136.66233237335,"maize"
"744","Dar es-Salaam","city",NA,5383728,27565027,8,1092.91053811065,"maize"
"745","Zanzibar City  ","city",NA,709809,-974440684,1,1118.359375,"maize"
"746","Zanzibar City  ","city",NA,709809,-974440684,2,1128.74389648438,"maize"
"747","Zanzibar City  ","city",NA,709809,-974440684,3,1076.68835449219,"maize"
"748","Zanzibar City  ","city",NA,709809,-974440684,4,1031.70947265625,"maize"
"749","Zanzibar City  ","city",NA,709809,-974440684,5,1071.23864746094,"maize"
"750","Zanzibar City  ","city",NA,709809,-974440684,6,1069.80737304688,"maize"
"751","Zanzibar City  ","city",NA,709809,-974440684,7,1086.3662109375,"maize"
"752","Zanzibar City  ","city",NA,709809,-974440684,8,1057.93493652344,"maize"
